<application>
  <component name="dataSourceStorage" format="xml" multifile-model="true">
    <data-source source="LOCAL" name="LAN-223" uuid="69944027-5d21-4549-a193-ade55240123f">
      <driver-ref>mysql.8</driver-ref>
      <synchronize>true</synchronize>
      <jdbc-driver>com.mysql.cj.jdbc.Driver</jdbc-driver>
      <jdbc-url>jdbc:mysql://127.0.0.1:3306/</jdbc-url>
      <jdbc-additional-properties>
        <property name="com.intellij.clouds.kubernetes.db.host.port" />
        <property name="com.intellij.clouds.kubernetes.db.enabled" value="false" />
        <property name="com.intellij.clouds.kubernetes.db.resource.type" value="Deployment" />
        <property name="com.intellij.clouds.kubernetes.db.container.port" />
      </jdbc-additional-properties>
      <driver-properties>
        <property name="autoReconnect" value="true" />
      </driver-properties>
      <init-script>SET NAMES utf8mb4 COLLATE utf8mb4_unicode_ci</init-script>
      <keep-alive enable="true" timeout="300" />
    </data-source>
    <data-source source="LOCAL" name="LAN-104" read-only="true" uuid="481df286-6ec0-402f-b293-bdf53878b1d3">
      <driver-ref>mysql.8</driver-ref>
      <synchronize>true</synchronize>
      <jdbc-driver>com.mysql.cj.jdbc.Driver</jdbc-driver>
      <jdbc-url>jdbc:mysql://127.0.0.1:33088/</jdbc-url>
      <jdbc-additional-properties>
        <property name="com.intellij.clouds.kubernetes.db.host.port" />
        <property name="com.intellij.clouds.kubernetes.db.enabled" value="false" />
        <property name="com.intellij.clouds.kubernetes.db.resource.type" value="Deployment" />
        <property name="com.intellij.clouds.kubernetes.db.container.port" />
      </jdbc-additional-properties>
      <driver-properties>
        <property name="autoReconnect" value="true" />
      </driver-properties>
      <init-script>SET NAMES utf8mb4 COLLATE utf8mb4_unicode_ci</init-script>
      <keep-alive enable="true" timeout="300" />
    </data-source>
    <data-source source="LOCAL" name="0@LAN-223" uuid="1ff0d7f1-4482-4fc3-b1ab-0f626ecc022d">
      <driver-ref>redis</driver-ref>
      <synchronize>true</synchronize>
      <jdbc-driver>jdbc.RedisDriver</jdbc-driver>
      <jdbc-url>jdbc:redis://localhost:6379/0</jdbc-url>
      <jdbc-additional-properties>
        <property name="com.intellij.clouds.kubernetes.db.host.port" />
        <property name="com.intellij.clouds.kubernetes.db.enabled" value="false" />
        <property name="com.intellij.clouds.kubernetes.db.resource.type" value="Deployment" />
        <property name="com.intellij.clouds.kubernetes.db.container.port" />
      </jdbc-additional-properties>
      <working-dir>$ProjectFileDir$</working-dir>
    </data-source>
  </component>
</application>