<application>
  <component name="IgnoredPluginSuggestions">
    <option name="pluginIds">
      <list>
        <option value="Batch Scripts Support" />
        <option value="intellij.nextjs" />
        <option value="intellij.prettierJS" />
        <option value="com.intellij.tailwindcss" />
        <option value="intellij.vitejs" />
        <option value="org.intellij.plugins.postcss" />
        <option value="me.rerere.unocss-intellij" />
        <option value="com.intellij.spring.websocket" />
      </list>
    </option>
  </component>
</application>