<application>
  <component name="SshConfigs">
    <configs>
      <sshConfig authType="PASSWORD" connectionConfig="{&quot;serverAliveInterval&quot;:300}" host="192.168.31.104" id="01a75007-bd4e-47fc-b5fb-e74750208e46" port="22" customName="LAN-104" nameFormat="CUSTOM" username="root" useOpenSSHConfig="false">
        <option name="customName" value="LAN-104" />
      </sshConfig>
      <sshConfig authType="PASSWORD" connectionConfig="{&quot;serverAliveInterval&quot;:300}" host="192.168.31.223" id="60fd7501-d947-4ff9-b283-4604ab40f712" port="22" customName="LAN-223" nameFormat="CUSTOM" username="root" useOpenSSHConfig="false">
        <option name="customName" value="LAN-223" />
      </sshConfig>
      <sshConfig authType="PASSWORD" connectionConfig="{&quot;serverAliveInterval&quot;:300}" host="192.168.31.227" id="78f7b4a5-ff35-4565-841c-6cab525e7eea" port="22" customName="LAN-227" nameFormat="CUSTOM" username="root" useOpenSSHConfig="false">
        <option name="customName" value="LAN-227" />
      </sshConfig>
    </configs>
  </component>
</application>