<application>
  <component name="Trusted.Paths">
    <option name="TRUSTED_PROJECT_PATHS">
      <map>
        <entry key="D:\Project\ATS" value="true" />
        <entry key="D:\Project\ATS\ats-adminouter" value="true" />
        <entry key="D:\Project\ai-generate-web-base-code" value="true" />
        <entry key="D:\Project\aml" value="true" />
        <entry key="D:\Project\aml\source-api" value="true" />
        <entry key="D:\Project\aml\source-api\jeecg-boot" value="true" />
        <entry key="D:\Project\casino-spider\source\api" value="true" />
        <entry key="D:\Project\demo\JeecgBoot" value="true" />
        <entry key="D:\Project\demo\JeecgBoot\jeecg-boot" value="true" />
        <entry key="D:\Project\demo\text-sdk-php" value="true" />
        <entry key="D:\Project\ekyc\source" value="true" />
        <entry key="D:\Project\ekyc\source-main" value="true" />
        <entry key="D:\Project\ekyc\source-staging" value="true" />
        <entry key="D:\Project\ewallet\source" value="true" />
        <entry key="D:\Project\ewallet\source-bk" value="true" />
        <entry key="D:\Project\lennon7c7\Add-Text-to-Images" value="true" />
        <entry key="D:\Project\lennon7c7\Tampermonkey" value="true" />
        <entry key="D:\Project\lennon7c7\continue" value="true" />
        <entry key="D:\Project\lennon7c7\shoppaas" value="true" />
        <entry key="D:\Project\maoshi-erp\source" value="true" />
        <entry key="D:\Project\maoshishop-member\source" value="true" />
        <entry key="D:\Project\maoshishop\source" value="true" />
        <entry key="D:\Project\maoshishop\source-only-copy-no-commit" value="true" />
        <entry key="D:\Project\matomo\source" value="true" />
        <entry key="D:\Project\risk" value="true" />
        <entry key="D:\Project\risk_shop_ui" value="true" />
        <entry key="D:\Project\zf_sms\source" value="true" />
      </map>
    </option>
  </component>
  <component name="Trusted.Paths.Settings">
    <option name="TRUSTED_PATHS">
      <list>
        <option value="D:\Project\casino-spider\source" />
        <option value="D:\Project\ekyc" />
        <option value="D:\Project\maoshishop" />
        <option value="D:\Project" />
      </list>
    </option>
  </component>
</application>