<application>
  <component name="WebServers">
    <option name="servers">
      <webServer id="5048d176-4c9f-4b46-9b48-c77edabaf15d" name="LAN-104">
        <fileTransfer accessType="SFTP" host="192.168.31.104" port="22" sshConfigId="01a75007-bd4e-47fc-b5fb-e74750208e46" sshConfig="LAN-104">
          <advancedOptions>
            <advancedOptions dataProtectionLevel="Private" passiveMode="true" shareSSLContext="true" />
          </advancedOptions>
        </fileTransfer>
      </webServer>
      <webServer id="48346990-ea22-4686-b883-7cf60f34d4ba" name="LAN-223">
        <fileTransfer accessType="SFTP" host="192.168.31.223" port="22" sshConfigId="60fd7501-d947-4ff9-b283-4604ab40f712" sshConfig="LAN-223">
          <advancedOptions>
            <advancedOptions dataProtectionLevel="Private" passiveMode="true" shareSSLContext="true" />
          </advancedOptions>
        </fileTransfer>
      </webServer>
      <webServer id="4d791496-a2a2-40b7-8512-dcac91a8ff65" name="LAN-227">
        <fileTransfer accessType="SFTP" host="192.168.31.227" port="22" sshConfigId="78f7b4a5-ff35-4565-841c-6cab525e7eea" sshConfig="LAN-227">
          <advancedOptions>
            <advancedOptions dataProtectionLevel="Private" passiveMode="true" shareSSLContext="true" />
          </advancedOptions>
        </fileTransfer>
      </webServer>
    </option>
  </component>
</application>