<application>
  <component name="DimensionService">
    <location key="find.popup.0.0.1920.1080" x="0" y="0" />
    <location key="find.popup.1920.0.1920.1080" x="0" y="0" />
    <size key="find.popup.0.0.1920.1080" width="1920" height="1040" />
    <size key="GridCell.Tab.0.left.0.0.1920.1080" width="1838" height="318" />
    <size key="GridCell.Tab.0.center.0.0.1920.1080" width="1838" height="318" />
    <size key="GridCell.Tab.0.right.0.0.1920.1080" width="1838" height="318" />
    <size key="GridCell.Tab.0.bottom.0.0.1920.1080" width="1838" height="318" />
    <size key="GridCell.Tab.1.left.0.0.1920.1080" width="1838" height="318" />
    <size key="GridCell.Tab.1.center.0.0.1920.1080" width="1838" height="318" />
    <size key="GridCell.Tab.1.right.0.0.1920.1080" width="1838" height="318" />
    <size key="GridCell.Tab.1.bottom.0.0.1920.1080" width="1838" height="318" />
    <size key="GridCell.Tab.0.left.1920.0.1920.1080" width="1286" height="318" />
    <size key="GridCell.Tab.0.center.1920.0.1920.1080" width="1286" height="318" />
    <size key="GridCell.Tab.0.right.1920.0.1920.1080" width="1286" height="318" />
    <size key="GridCell.Tab.0.bottom.1920.0.1920.1080" width="1286" height="318" />
    <size key="GridCell.Tab.1.left.1920.0.1920.1080" width="1838" height="318" />
    <size key="GridCell.Tab.1.center.1920.0.1920.1080" width="1838" height="318" />
    <size key="GridCell.Tab.1.right.1920.0.1920.1080" width="1838" height="318" />
    <size key="GridCell.Tab.1.bottom.1920.0.1920.1080" width="1838" height="318" />
    <size key="find.popup.1920.0.1920.1080" width="1920" height="1040" />
  </component>
  <component name="WindowManager">
    <frame x="-8" y="-8" width="1930" height="1050" extendedState="6" />
  </component>
  <component name="WindowStateApplicationService">
    <state x="740" y="202" key="FileChooserDialogImpl" timestamp="1743668993331">
      <screen x="0" y="0" width="1920" height="1040" />
    </state>
    <state x="740" y="202" key="FileChooserDialogImpl/1920.0.1920.1040/0.0.1920.1040" timestamp="1743668993331" />
    <state width="774" height="187" key="ShowUsagesActions.dimensionServiceKey" timestamp="1744594592936">
      <screen x="0" y="0" width="1920" height="1040" />
    </state>
    <state width="774" height="187" key="ShowUsagesActions.dimensionServiceKey/1920.0.1920.1040/0.0.1920.1040" timestamp="1744594592936" />
    <state width="475" height="524" key="manage.recent.projects.popup" timestamp="1744184494168">
      <screen x="0" y="0" width="1920" height="1040" />
    </state>
    <state width="475" height="524" key="manage.recent.projects.popup/1920.0.1920.1040/0.0.1920.1040" timestamp="1744184494168" />
  </component>
</application>