<application>
  <component name="WebServers">
    <option name="servers">
      <webServer id="22af3a76-72f1-4ae7-b71a-9fd4c92fff4b" name="223">
        <fileTransfer accessType="SFTP" host="192.168.31.223" port="22" sshConfigId="02559f36-7c4f-4e0b-b422-a9a6242db4a5" sshConfig="192.168.31.223">
          <advancedOptions>
            <advancedOptions dataProtectionLevel="Private" passiveMode="true" shareSSLContext="true" />
          </advancedOptions>
        </fileTransfer>
      </webServer>
    </option>
  </component>
</application>