<application>
  <component name="Translation.Cache">
    <option name="lastTrimTime" value="1719399476005" />
  </component>
  <component name="Translation.Settings">
    <option name="primaryLanguage" value="CHINESE" />
    <option name="translator" value="MICROSOFT" />
  </component>
  <component name="Translation.States">
    <histories>
      <item value="Salisbury Inter 女子" />
      <item value="profit factor" />
    </histories>
    <option name="languageScores">
      <map>
        <entry key="CHINESE" value="1" />
        <entry key="ENGLISH" value="4" />
      </map>
    </option>
  </component>
</application>