<application>
  <component name="libraryTable">
    <library name="2co" type="javaScript">
      <properties>
        <sourceFilesUrls>
          <item url="file://$APPLICATION_CONFIG_DIR$/javascript/extLibs/http_www.2checkout.com_checkout_api_2co.js" />
        </sourceFilesUrls>
      </properties>
      <CLASSES>
        <root url="file://$APPLICATION_CONFIG_DIR$/javascript/extLibs/http_www.2checkout.com_checkout_api_2co.js" />
      </CLASSES>
      <SOURCES />
    </library>
  </component>
</application>