<application>
  <component name="WebServers">
    <option name="servers">
      <webServer id="b02599e0-d250-47b0-aa77-2f9e43e7db45" name="prod-1648460923401-lennon20220413">
        <fileTransfer rootFolder="/home/wwwroot" accessType="SFTP" host="43.129.17.194" port="23401" sshConfigId="01a75007-bd4e-47fc-b5fb-e74750208e46" sshConfig="prod-1648460923401-lennon20220413">
          <advancedOptions>
            <advancedOptions dataProtectionLevel="Private" passiveMode="true" shareSSLContext="true" />
          </advancedOptions>
        </fileTransfer>
      </webServer>
      <webServer id="ae2a91df-56b2-4d5d-8fba-33e258e79d71" name="prod-userfile">
        <fileTransfer rootFolder="/home/userfile" accessType="SFTP" host="43.129.17.194" port="22" sshConfigId="e02577dc-b027-4902-98ba-467fa831e123" sshConfig="prod" keyPair="true">
          <advancedOptions>
            <advancedOptions dataProtectionLevel="Private" passiveMode="true" shareSSLContext="true" />
          </advancedOptions>
        </fileTransfer>
      </webServer>
      <webServer id="e70468e6-ed56-439d-83d8-c7288bb4823a" name="test">
        <fileTransfer accessType="SFTP" host="119.23.177.145" port="22" sshConfigId="f0eacc9e-d994-4803-9a0d-18952263e1a1" sshConfig="test" keyPair="true">
          <advancedOptions>
            <advancedOptions dataProtectionLevel="Private" passiveMode="true" shareSSLContext="true" />
          </advancedOptions>
        </fileTransfer>
      </webServer>
      <webServer id="79fa7258-1c82-4055-ab05-f455c9f969a7" name="prod">
        <fileTransfer accessType="SFTP" host="43.129.17.194" port="22" sshConfigId="e02577dc-b027-4902-98ba-467fa831e123" sshConfig="prod" keyPair="true">
          <advancedOptions>
            <advancedOptions dataProtectionLevel="Private" passiveMode="true" shareSSLContext="true" />
          </advancedOptions>
        </fileTransfer>
      </webServer>
      <webServer id="1e95b743-e7cf-4b77-aadd-f4c873a17517" name="daoguangxi">
        <fileTransfer accessType="SFTP" host="47.112.189.170" port="22" sshConfigId="c518b505-efd7-4dc7-aebd-ccffd00e87a5" sshConfig="daoguangxi" keyPair="true">
          <advancedOptions>
            <advancedOptions dataProtectionLevel="Private" passiveMode="true" shareSSLContext="true" />
          </advancedOptions>
        </fileTransfer>
      </webServer>
      <webServer id="9df19b1c-7e25-4e3d-97fc-46aedf7e149e" name="covid19">
        <fileTransfer accessType="SFTP" host="localhost" port="22" sshConfigId="65ad65c7-7378-484d-845d-bb0f0b623422" sshConfig="&lt;username&gt;@localhost:22 key" keyPair="true">
          <advancedOptions>
            <advancedOptions dataProtectionLevel="Private" passiveMode="true" shareSSLContext="true" />
          </advancedOptions>
        </fileTransfer>
      </webServer>
      <webServer id="382e077d-1cad-4c9d-960c-670b7169b4ac" name="maimai">
        <fileTransfer accessType="SFTP" host="120.78.206.179" port="22" sshConfigId="42af1bb8-033c-4b89-a9a9-8c2e99cb9d1a" sshConfig="maimai" keyPair="true">
          <advancedOptions>
            <advancedOptions dataProtectionLevel="Private" passiveMode="true" shareSSLContext="true" />
          </advancedOptions>
        </fileTransfer>
      </webServer>
      <webServer id="2cfec9e8-ea45-4596-a0a2-2f2584d5bb6d" name="mesio">
        <fileTransfer accessType="SFTP" host="139.224.232.95" port="22" sshConfigId="c95be75a-a1c2-42b9-a3ba-1858ce929c19" sshConfig="mesio" keyPair="true">
          <advancedOptions>
            <advancedOptions dataProtectionLevel="Private" passiveMode="true" shareSSLContext="true" />
          </advancedOptions>
        </fileTransfer>
      </webServer>
    </option>
  </component>
</application>