<application>
  <component name="LocalDatabaseDriverManager" version="201">
    <driver id="mariadb" dialect="MySQL">
      <artifact id="MariaDB Connector J" name="MariaDB Connector J" use="true" version="3.3.3" />
    </driver>
    <driver id="mysql.8">
      <artifact />
      <artifact id="MySQL ConnectorJ" name="MySQL ConnectorJ" use="true" version="8.2.0" />
    </driver>
    <driver id="mysql">
      <artifact id="MySQL Connector/J" name="MySQL Connector/J" use="true" version="5.1.47" />
    </driver>
    <driver id="redis">
      <artifact id="Redis" name="Redis" use="true" version="1.5" />
    </driver>
  </component>
</application>