<application>
  <component name="dataSourceStorage" format="xml" multifile-model="true">
    <data-source source="LOCAL" name="LAN-196" uuid="ff914cf4-ff5b-4fee-bab7-a480d1f55650">
      <driver-ref>mysql.8</driver-ref>
      <synchronize>true</synchronize>
      <jdbc-driver>com.mysql.cj.jdbc.Driver</jdbc-driver>
      <jdbc-url>jdbc:mysql://192.168.31.104:3306/</jdbc-url>
      <driver-properties>
        <property name="autoReconnect" value="true" />
        <property name="zeroDateTimeBehavior" value="convertToNull" />
      </driver-properties>
      <init-script>SET NAMES utf8mb4 COLLATE utf8mb4_unicode_ci</init-script>
    </data-source>
    <data-source source="LOCAL" name="LAN-223" uuid="69944027-5d21-4549-a193-ade55240123f">
      <driver-ref>mysql.8</driver-ref>
      <synchronize>true</synchronize>
      <jdbc-driver>com.mysql.cj.jdbc.Driver</jdbc-driver>
      <jdbc-url>jdbc:mysql://127.0.0.1:3306</jdbc-url>
      <driver-properties>
        <property name="autoReconnect" value="true" />
      </driver-properties>
      <init-script>SET NAMES utf8mb4 COLLATE utf8mb4_unicode_ci</init-script>
      <keep-alive enable="true" timeout="300" />
    </data-source>
    <data-source source="LOCAL" name="0@LAN-223" uuid="c2e335de-1f88-4082-84db-be24d0e5d125">
      <driver-ref>redis</driver-ref>
      <synchronize>true</synchronize>
      <jdbc-driver>jdbc.RedisDriver</jdbc-driver>
      <jdbc-url>jdbc:redis://localhost:6379/0</jdbc-url>
      <working-dir>$ProjectFileDir$</working-dir>
    </data-source>
  </component>
</application>