<application>
  <component name="FindSettings">
    <option name="customScope" value="Project Files" />
    <option name="defaultScopeName" value="Project Files" />
    <option name="SEARCH_SCOPE" value="Project Files" />
    <mask>*.properties</mask>
    <mask>*.jsp</mask>
    <mask>*.xml</mask>
    <mask>*.java</mask>
    <mask>*.as</mask>
    <mask>*.mxml</mask>
    <mask>*_form.php</mask>
    <mask>*columns.php</mask>
    <mask>*.css</mask>
    <mask>*.js</mask>
    <mask>*.vue</mask>
    <mask>*.html</mask>
    <mask>*.json</mask>
    <mask>*.php</mask>
  </component>
</application>