<application>
  <component name="SshConfigs">
    <configs>
      <sshConfig authType="PASSWORD" connectionConfig="{&quot;serverAliveInterval&quot;:300}" host="192.168.31.104" id="01a75007-bd4e-47fc-b5fb-e74750208e46" port="22" customName="LAN-104" nameFormat="CUSTOM" username="root" useOpenSSHConfig="true">
        <option name="customName" value="LAN-104" />
      </sshConfig>
      <sshConfig authType="PASSWORD" connectionConfig="{&quot;serverAliveInterval&quot;:300}" host="192.168.31.223" id="60fd7501-d947-4ff9-b283-4604ab40f712" port="22" customName="LAN-223" nameFormat="CUSTOM" username="root" useOpenSSHConfig="false">
        <option name="customName" value="LAN-223" />
      </sshConfig>
      <sshConfig connectionConfig="{&quot;serverAliveInterval&quot;:300}" host="124.156.184.11" id="ae88cf98-e382-47f8-97ea-092cf9a80d3b" keyPath="D:\Project\ekyc\source\deployments\prod\香港服务器密码-124.156.184.11.pem" port="22" customName="ekyc-hk" nameFormat="CUSTOM" username="root" useOpenSSHConfig="false">
        <option name="customName" value="ekyc-hk" />
      </sshConfig>
      <sshConfig connectionConfig="{&quot;serverAliveInterval&quot;:300}" host="119.91.202.14" id="cf8c1e67-4529-423d-ae8d-281ba5042681" keyPath="D:\Project\ekyc\source\deployments\prod\大陆服务器密码-119.91.202.14.pem" port="22" customName="ekyc-china" nameFormat="CUSTOM" username="root" useOpenSSHConfig="false">
        <option name="customName" value="ekyc-china" />
      </sshConfig>
      <sshConfig authType="PASSWORD" connectionConfig="{&quot;serverAliveInterval&quot;:300}" host="192.168.31.227" id="78f7b4a5-ff35-4565-841c-6cab525e7eea" port="22" customName="LAN-227" nameFormat="CUSTOM" username="root" useOpenSSHConfig="false">
        <option name="customName" value="LAN-227" />
      </sshConfig>
    </configs>
  </component>
</application>