<application>
  <component name="Vcs.Log.App.Settings">
    <option name="COLUMN_ID_ORDER">
      <list>
        <option value="Default.Root" />
        <option value="Default.Author" />
        <option value="Default.Subject" />
        <option value="Default.Date" />
        <option value="GitHub.CommitStatus" />
      </list>
    </option>
    <option name="SHOW_CHANGES_FROM_PARENTS" value="true" />
    <option name="SHOW_TAG_NAMES" value="true" />
  </component>
  <component name="VcsApplicationSettings">
    <option name="PATCH_STORAGE_LOCATION" value="D:/Project/github-config/ThinkPHP" />
    <option name="COMMIT_FROM_LOCAL_CHANGES" value="false" />
  </component>
  <component name="VcsEditorTab.Settings">
    <option name="openInNewWindow" value="true" />
  </component>
</application>