<application>
  <component name="WebServers">
    <option name="servers">
      <webServer id="9460ea97-7b93-4777-ab00-0d7ff761ddb4" name="ekyc-china">
        <fileTransfer accessType="SFTP" host="119.91.202.14" port="22" sshConfigId="cf8c1e67-4529-423d-ae8d-281ba5042681" sshConfig="ekyc-china" keyPair="true">
          <advancedOptions>
            <advancedOptions dataProtectionLevel="Private" passiveMode="true" shareSSLContext="true" />
          </advancedOptions>
        </fileTransfer>
      </webServer>
      <webServer id="8ed57f51-9acc-4ff2-8b5c-cb2956889859" name="LAN-104">
        <fileTransfer accessType="SFTP" host="192.168.31.104" port="22" sshConfigId="01a75007-bd4e-47fc-b5fb-e74750208e46" sshConfig="LAN-104">
          <advancedOptions>
            <advancedOptions dataProtectionLevel="Private" passiveMode="true" shareSSLContext="true" />
          </advancedOptions>
        </fileTransfer>
      </webServer>
      <webServer id="697b2342-7397-4c3e-b381-4a2ae63970e2" name="LAN-223">
        <fileTransfer accessType="SFTP" host="192.168.31.223" port="22" sshConfigId="60fd7501-d947-4ff9-b283-4604ab40f712" sshConfig="LAN-223">
          <advancedOptions>
            <advancedOptions dataProtectionLevel="Private" passiveMode="true" shareSSLContext="true" />
          </advancedOptions>
        </fileTransfer>
      </webServer>
      <webServer id="946ee1d7-fd6f-4f4e-a1a0-8ff90993fb92" name="LAN-227">
        <fileTransfer accessType="SFTP" host="192.168.31.227" port="22" sshConfigId="78f7b4a5-ff35-4565-841c-6cab525e7eea" sshConfig="LAN-227">
          <advancedOptions>
            <advancedOptions dataProtectionLevel="Private" passiveMode="true" shareSSLContext="true" />
          </advancedOptions>
        </fileTransfer>
      </webServer>
    </option>
  </component>
</application>