<application>
  <component name="WebServers">
    <option name="servers">
      <webServer id="cedb3452-f4a5-4873-a1a6-918c263c78ee" name="mmp">
        <fileTransfer accessType="SFTP" host="129.226.178.37" port="22" sshConfigId="9a920a52-7f4c-4a7c-80b5-0580e4a5ff8a" sshConfig="mmp" keyPair="true">
          <advancedOptions>
            <advancedOptions dataProtectionLevel="Private" passiveMode="true" shareSSLContext="true" />
          </advancedOptions>
        </fileTransfer>
      </webServer>
      <webServer id="9460ea97-7b93-4777-ab00-0d7ff761ddb4" name="ekyc-china">
        <fileTransfer accessType="SFTP" host="119.91.202.14" port="22" sshConfigId="cf8c1e67-4529-423d-ae8d-281ba5042681" sshConfig="ekyc-china" keyPair="true">
          <advancedOptions>
            <advancedOptions dataProtectionLevel="Private" passiveMode="true" shareSSLContext="true" />
          </advancedOptions>
        </fileTransfer>
      </webServer>
      <webServer id="c31b6c72-e47d-42c8-a010-a15a366f9b98" name="ekyc-hk">
        <fileTransfer accessType="SFTP" host="124.156.184.11" port="22" sshConfigId="ae88cf98-e382-47f8-97ea-092cf9a80d3b" sshConfig="ekyc-hk" keyPair="true">
          <advancedOptions>
            <advancedOptions dataProtectionLevel="Private" passiveMode="true" shareSSLContext="true" />
          </advancedOptions>
        </fileTransfer>
      </webServer>
      <webServer id="8ed57f51-9acc-4ff2-8b5c-cb2956889859" name="LAN-dev">
        <fileTransfer accessType="SFTP" host="192.168.31.196" port="22" sshConfigId="01a75007-bd4e-47fc-b5fb-e74750208e46" sshConfig="LAN-dev">
          <advancedOptions>
            <advancedOptions dataProtectionLevel="Private" passiveMode="true" shareSSLContext="true" />
          </advancedOptions>
        </fileTransfer>
      </webServer>
      <webServer id="ae2a91df-56b2-4d5d-8fba-33e258e79d71" name="prod-userfile">
        <fileTransfer rootFolder="/home/userfile" accessType="SFTP" sshConfigId="65ad65c7-7378-484d-845d-bb0f0b623422" sshConfig="prod-member">
          <advancedOptions>
            <advancedOptions dataProtectionLevel="Private" passiveMode="true" shareSSLContext="true" />
          </advancedOptions>
        </fileTransfer>
      </webServer>
      <webServer id="79fa7258-1c82-4055-ab05-f455c9f969a7" name="prod">
        <fileTransfer accessType="SFTP" host="43.129.17.194" port="22" sshConfigId="e02577dc-b027-4902-98ba-467fa831e123" sshConfig="prod" keyPair="true">
          <advancedOptions>
            <advancedOptions dataProtectionLevel="Private" passiveMode="true" shareSSLContext="true" />
          </advancedOptions>
        </fileTransfer>
      </webServer>
      <webServer id="697b2342-7397-4c3e-b381-4a2ae63970e2" name="LAN-223">
        <fileTransfer accessType="SFTP" host="192.168.31.223" port="22" sshConfigId="60fd7501-d947-4ff9-b283-4604ab40f712" sshConfig="LAN-223">
          <advancedOptions>
            <advancedOptions dataProtectionLevel="Private" passiveMode="true" shareSSLContext="true" />
          </advancedOptions>
        </fileTransfer>
      </webServer>
    </option>
  </component>
</application>