<application>
  <component name="Translation.Cache">
    <option name="lastTrimTime" value="1719220518401" />
  </component>
  <component name="Translation.Settings">
    <option name="primaryLanguage" value="CHINESE" />
  </component>
  <component name="Translation.States">
    <option name="maxHistorySize" value="100" />
    <histories>
      <item value="peri status quarterly" />
      <item value="decimal" />
      <item value="Thank you for your response! Just to clarify, you had previously placed an order with us" />
      <item value="Indirect" />
      <item value="季度" />
      <item value="周期交易金额同比环比限制" />
      <item value="请完成名单筛查审核" />
      <item value="Promo" />
      <item value="original" />
      <item value="Unread" />
      <item value="联系人电话" />
      <item value="小于" />
      <item value="企业邮箱" />
      <item value="第三方账号状态异常，请联系管理员" />
      <item value="未应用任何人员" />
      <item value="Risk unfreeze" />
      <item value="解除风险冻结" />
      <item value="解冻" />
      <item value="需更新企业认证" />
      <item value="issued date" />
      <item value="switch" />
      <item value="select fields" />
      <item value="出口类型" />
      <item value="地址证明文件" />
      <item value="address reside" />
      <item value="business" />
      <item value="天猫淘宝海外跨境供销的授权回调页面" />
      <item value="打开授权链接" />
      <item value="Please set api domain" />
      <item value="code To Access Token" />
      <item value="link Authorization" />
      <item value="presentation" />
      <item value="is total price gt_0" />
      <item value="是否有返现金额" />
      <item value="customization Of Goodsboys" />
      <item value="judge" />
      <item value="debris" />
      <item value="The environment the command should run under" />
      <item value="fluent" />
      <item value="eloquent" />
      <item value="Stand With Ukraine" />
      <item value="remove Background" />
      <item value="sku Cartesian" />
      <item value="default" />
      <item value="Defualt" />
      <item value="下一步" />
      <item value="上一步" />
      <item value="bluetooth headset" />
      <item value="Headset" />
      <item value="手动输入商品关键字" />
      <item value="选品" />
      <item value="随机生成关键字" />
      <item value="一键刊登" />
      <item value="AI一键刊登" />
      <item value="prompt" />
      <item value="Decoration: ribbon, feather, buckle, patch" />
      <item value="Material: cotton, wool, straw, synthetic Color: white, black, grey, brown Shape: fedora, cap, beanie, cloche Closure: adjustable strap, snap closure Decoration: ribbon, feather, buckle, patch Season: spring, summer, autumn, winter" />
      <item value="Material: cotton, wool, straw, synthetic Color: white, black, grey, brown, multicolor Shape: fedora, cap, beanie, cloche Closure: adjustable strap, snap closure Decoration: ribbon, feather, buckle, patch Season: spring, summer, autumn, winter" />
      <item value="Material" />
      <item value="Sole type: rubber sole, foam sole, leather sole" />
      <item value="Sole type" />
      <item value="Toe shape" />
      <item value="Heel" />
      <item value="Color" />
      <item value="wig, short bobs, long tresses" />
      <item value="wig, a full lace cap, a partial lace cap, a monofilament cap, a traditional wefted cap" />
      <item value="regular washing and styling, while synthetic wigs are often easier to maintain" />
      <item value="curly, straight, wavy, layered" />
      <item value="straight, curly, wavy, kinky" />
      <item value="fashion, medical purposes, cosplay, theatrical performances" />
      <item value="synthetic fibers, or a blend of both." />
      <item value="white" />
      <item value="leather, suede, canvas, or synthetic materials boots, sneakers, sandals, flats, or high heels rubber, leather, or synthetic materials laces, buckles, or zippers arch support or heel padding" />
      <item value="Short, Cotton, Retro, Straight, High-Waist, Red, Solid Color, Smooth, Daily Wear Mini, Linen, Pastoral, A-Line, Low-Waist, Yellow, Stripes, Rough, Formal Occasions Knee-Length, Silk, Casual, Pencil, Mid-Waist, Blue, Plaid, Soft, Sports Midi, Chiffon, Business, Fitted, High-Waist, Green, Floral, Stiff, Dance Long, Leather, Evening Gown, Straight, Low-Waist, Purple, Prints, Fluffy, Daily Wear Short, Linen, Retro, A-Line, High-Waist, Yellow, Solid Color, Rough, Daily Wear Mini, Cotton, Pastoral, Straight, Low-Waist, Red, Stripes, Smooth, Formal Occasions Knee-Length, Chiffon, Casual, Pencil, Mid-Waist, Blue, Plaid, Soft, Sports Midi, Silk, Business, Fitted, High-Waist, Green, Floral, Stiff, Dance Long, Leather, Evening Gown, Straight, Low-Waist, Purple, Prints, Fluffy, Daily Wear Short, Silk, Retro, Straight, High-Waist, Red, Plaid, Smooth, Daily Wear Mini, Chiffon, Pastoral, A-Line, Low-Waist, Yellow, Floral, Rough, Formal Occasions Knee-Length, Linen, Casual, Pencil, Mid-Waist, Blue, Prints, Soft, Sports Midi, Cotton, Business, Fitted, High-Waist, Green, Solid Color, Stiff, Dance Long, Leather, Evening Gown, Straight, Low-Waist, Purple, Stripes, Fluffy, Daily Wear" />
      <item value="otter" />
      <item value="此功能开发中" />
      <item value="请至少保留一个提交按钮" />
      <item value="最大连续登录天数" />
      <item value="迁移配对" />
      <item value="配对" />
      <item value="paring" />
      <item value="pare" />
      <item value="只包已选择的订单，也包括客户" />
      <item value="迁移配置%s无法匹配" />
      <item value="迁移配置%s无法配置" />
      <item value="suffix" />
      <item value="suf" />
      <item value="pair" />
      <item value="迁移订单状态配对" />
      <item value="unship" />
      <item value="未发货" />
      <item value="未支付" />
      <item value="Order status empty, can not migrate order data" />
      <item value="export Progress" />
      <item value="rerun" />
      <item value="只包含完成状态的订单" />
      <item value="3、只包含System -&gt; Setting -&gt; Option -&gt; Checkout -&gt; Complete Order Status勾选上的订单" />
      <item value="只包含System -&gt; Setting -&gt; Option -&gt; Checkout -&gt; Complete Order Status勾选上的订单" />
      <item value="user agent" />
      <item value="unupload" />
    </histories>
    <option name="languageScores">
      <map>
        <entry key="CHINESE" value="119" />
        <entry key="DUTCH" value="2" />
        <entry key="ENGLISH" value="120" />
        <entry key="GERMAN" value="1" />
        <entry key="ITALIAN" value="1" />
      </map>
    </option>
  </component>
</application>