<keymap version="1" name="Windows copy 1" parent="$default">
  <action id="CopyReference" />
  <action id="MainMenuButton.ShowMenu" />
  <action id="PublishGroup.CompareLocalVsRemote">
    <keyboard-shortcut first-keystroke="shift ctrl alt c" />
  </action>
  <action id="PublishGroup.Upload">
    <keyboard-shortcut first-keystroke="shift ctrl alt u" />
  </action>
  <action id="ShowUmlDiagram" />
  <action id="TypeHierarchy" />
  <action id="TypeHierarchyBase.BaseOnThisType" />
  <action id="Vcs.CopyRevisionNumberAction" />
  <action id="Vcs.ShowTabbedFileHistory">
    <keyboard-shortcut first-keystroke="ctrl h" />
  </action>
</keymap>