<application>
  <component name="ExternalDiffSettings">
    <option name="MIGRATE_OLD_SETTINGS" value="true" />
  </component>
  <component name="TextDiffSettings">
    <option name="PLACES_MAP">
      <entry key="ChangesToolWindowPreview">
        <PlaceSettings>
          <option name="EXPAND_BY_DEFAULT" value="false" />
        </PlaceSettings>
      </entry>
      <entry key="CommitDialog">
        <PlaceSettings>
          <option name="EXPAND_BY_DEFAULT" value="false" />
          <option name="IGNORE_POLICY" value="IGNORE_WHITESPACES_CHUNKS" />
          <option name="READ_ONLY_LOCK" value="false" />
        </PlaceSettings>
      </entry>
      <entry key="Default">
        <PlaceSettings>
          <option name="EXPAND_BY_DEFAULT" value="false" />
          <option name="USE_SOFT_WRAPS" value="true" />
        </PlaceSettings>
      </entry>
      <entry key="DirDiff">
        <PlaceSettings>
          <option name="EXPAND_BY_DEFAULT" value="false" />
        </PlaceSettings>
      </entry>
      <entry key="Merge">
        <PlaceSettings>
          <option name="EXPAND_BY_DEFAULT" value="false" />
          <option name="IGNORE_POLICY" value="IGNORE_WHITESPACES" />
        </PlaceSettings>
      </entry>
      <entry key="VcsFileHistoryView">
        <PlaceSettings>
          <option name="EXPAND_BY_DEFAULT" value="false" />
          <option name="IGNORE_POLICY" value="IGNORE_WHITESPACES" />
        </PlaceSettings>
      </entry>
    </option>
  </component>
</application>