<application>
  <component name="FileTypeManager" version="18">
    <extensionMap>
      <mapping pattern="autossl" type="AUTO_DETECTED" />
      <mapping pattern="das" type="AUTO_DETECTED" />
      <mapping pattern="LICENSE" type="AUTO_DETECTED" />
      <mapping pattern="authorized_keys" type="AUTO_DETECTED" />
      <mapping pattern="env-template" type="AUTO_DETECTED" />
      <mapping pattern="McZhan" type="AUTO_DETECTED" />
      <mapping pattern="known_hosts" type="AUTO_DETECTED" />
      <mapping pattern="Makefile" type="AUTO_DETECTED" />
      <mapping pattern="adminsite" type="AUTO_DETECTED" />
      <mapping pattern="php-parse" type="AUTO_DETECTED" />
      <mapping pattern="think" type="AUTO_DETECTED" />
      <mapping pattern="temp" type="AUTO_DETECTED" />
      <mapping pattern="lb_nginx" type="AUTO_DETECTED" />
      <mapping pattern="wc8" type="AUTO_DETECTED" />
      <mapping pattern="Dockerfile_test" type="AUTO_DETECTED" />
      <mapping pattern="phpunit" type="AUTO_DETECTED" />
      <mapping pattern="README" type="AUTO_DETECTED" />
      <mapping pattern="config" type="AUTO_DETECTED" />
      <mapping ext="mp4" type="AUTO_DETECTED" />
      <mapping ext="wxml" type="HTML" />
      <mapping ext="html" type="PHP" />
      <mapping pattern=".upgrade" type="PLAIN_TEXT" />
      <mapping pattern="prod_run_crontab_1" type="PLAIN_TEXT" />
      <mapping pattern="ibdata1" type="PLAIN_TEXT" />
      <mapping pattern=".constant" type="PLAIN_TEXT" />
      <mapping pattern="test" type="PLAIN_TEXT" />
      <mapping pattern="crontab" type="PLAIN_TEXT" />
      <mapping pattern=".php_cs" type="PLAIN_TEXT" />
      <mapping pattern=".gitkeep" type="PLAIN_TEXT" />
      <mapping pattern=".env.development" type="PLAIN_TEXT" />
      <mapping pattern="rebase-d" type="PLAIN_TEXT" />
      <mapping pattern="rebase-e" type="PLAIN_TEXT" />
      <mapping pattern="rebase" type="PLAIN_TEXT" />
      <mapping pattern="id_rsa" type="PLAIN_TEXT" />
      <mapping pattern="prod_build_1" type="PLAIN_TEXT" />
      <mapping pattern="prod_build_2" type="PLAIN_TEXT" />
      <mapping pattern="prod_run_2" type="PLAIN_TEXT" />
      <mapping pattern="prod_run_0" type="PLAIN_TEXT" />
      <mapping pattern="prod_run_1" type="PLAIN_TEXT" />
      <mapping pattern="htaccess-bk" type="PLAIN_TEXT" />
      <mapping pattern="diff-string1" type="PLAIN_TEXT" />
      <mapping pattern="diff-string2" type="PLAIN_TEXT" />
      <mapping pattern=".env" type="PLAIN_TEXT" />
      <mapping pattern=".env-lennon20220315" type="PLAIN_TEXT" />
      <mapping pattern="test2" type="PLAIN_TEXT" />
      <mapping pattern=".mysql_history" type="PLAIN_TEXT" />
      <mapping pattern="code-update" type="PLAIN_TEXT" />
      <mapping pattern=".env-lennon20211216" type="PLAIN_TEXT" />
      <mapping ext="bak" type="PLAIN_TEXT" />
      <mapping ext="aof" type="PLAIN_TEXT" />
      <mapping ext="rb" type="PLAIN_TEXT" />
      <mapping ext="pfx" type="PLAIN_TEXT" />
      <mapping ext="rdb" type="PLAIN_TEXT" />
      <mapping ext="out" type="PLAIN_TEXT" />
      <mapping ext="default" type="PLAIN_TEXT" />
      <mapping ext="types" type="PLAIN_TEXT" />
      <mapping ext="data" type="PLAIN_TEXT" />
      <mapping ext="production" type="PLAIN_TEXT" />
      <mapping ext="example" type="PLAIN_TEXT" />
      <mapping ext="sh-bak" type="PLAIN_TEXT" />
      <mapping ext="stub" type="PLAIN_TEXT" />
      <mapping ext="frm" type="PLAIN_TEXT" />
      <mapping ext="dev" type="PLAIN_TEXT" />
      <mapping ext="pwd" type="PLAIN_TEXT" />
      <mapping ext="lock" type="PLAIN_TEXT" />
      <mapping ext="pub" type="PLAIN_TEXT" />
      <mapping ext="dist" type="PLAIN_TEXT" />
      <mapping ext="htaccess" type="PLAIN_TEXT" />
      <mapping ext="log" type="PLAIN_TEXT" />
      <mapping ext="woff" type="PLAIN_TEXT" />
      <mapping ext="template" type="PLAIN_TEXT" />
      <mapping ext="go" type="PLAIN_TEXT" />
      <mapping ext="y" type="PLAIN_TEXT" />
      <mapping ext="bk" type="PLAIN_TEXT" />
      <mapping ext="prod" type="PLAIN_TEXT" />
      <mapping ext="cnf" type="PLAIN_TEXT" />
      <removed_mapping ext="cmd" approved="true" type="Batch" />
      <removed_mapping ext="conf" approved="true" type="PLAIN_TEXT" />
      <removed_mapping ext="html" approved="true" type="HTML" />
      <removed_mapping ext="ng" approved="true" type="HTML" />
      <removed_mapping pattern=".env" approved="true" type=".env file" />
      <mapping ext="expect" type="Bash" />
    </extensionMap>
  </component>
</application>