<application>
  <component name="SshConfigs">
    <configs>
      <sshConfig connectionConfig="{&quot;serverAliveInterval&quot;:300}" host="47.112.189.170" id="c518b505-efd7-4dc7-aebd-ccffd00e87a5" keyPath="$USER_HOME$/.ssh/id_rsa" port="22" customName="daoguangxi" nameFormat="CUSTOM" username="root">
        <option name="customName" value="daoguangxi" />
      </sshConfig>
      <sshConfig connectionConfig="{&quot;serverAliveInterval&quot;:300}" host="120.78.206.179" id="42af1bb8-033c-4b89-a9a9-8c2e99cb9d1a" keyPath="$USER_HOME$/.ssh/id_rsa" port="22" customName="maimai" nameFormat="CUSTOM" username="root">
        <option name="customName" value="maimai" />
      </sshConfig>
      <sshConfig connectionConfig="{&quot;serverAliveInterval&quot;:300}" host="139.224.232.95" id="c95be75a-a1c2-42b9-a3ba-1858ce929c19" keyPath="$USER_HOME$/.ssh/id_rsa" port="22" customName="mesio" nameFormat="CUSTOM" username="root">
        <option name="customName" value="mesio" />
      </sshConfig>
      <sshConfig connectionConfig="{&quot;serverAliveInterval&quot;:300}" host="43.129.17.194" id="e02577dc-b027-4902-98ba-467fa831e123" keyPath="$USER_HOME$/.ssh/id_rsa" port="22" customName="prod" nameFormat="CUSTOM" username="root" useOpenSSHConfig="true">
        <option name="customName" value="prod" />
      </sshConfig>
      <sshConfig connectionConfig="{&quot;serverAliveInterval&quot;:300}" host="119.23.177.145" id="f0eacc9e-d994-4803-9a0d-18952263e1a1" keyPath="$USER_HOME$/.ssh/id_rsa" port="22" customName="test" nameFormat="CUSTOM" username="root">
        <option name="customName" value="test" />
      </sshConfig>
      <sshConfig authType="PASSWORD" connectionConfig="{&quot;serverAliveInterval&quot;:300}" host="43.155.67.13" id="e1986243-3132-446d-9050-152b41553dba" port="16708" customName="preview" nameFormat="CUSTOM" username="root" useOpenSSHConfig="true">
        <option name="customName" value="preview" />
      </sshConfig>
      <sshConfig connectionConfig="{&quot;serverAliveInterval&quot;:300}" host="localhost" id="65ad65c7-7378-484d-845d-bb0f0b623422" keyPath="$USER_HOME$/.ssh/id_rsa" port="22" nameFormat="DESCRIPTIVE" />
    </configs>
  </component>
</application>