<application>
  <component name="WebServers">
    <option name="servers">
      <webServer id="8ed57f51-9acc-4ff2-8b5c-cb2956889859" name="LAN-dev">
        <fileTransfer accessType="SFTP" host="192.168.31.196" port="22" sshConfigId="01a75007-bd4e-47fc-b5fb-e74750208e46" sshConfig="LAN-dev">
          <advancedOptions>
            <advancedOptions dataProtectionLevel="Private" passiveMode="true" shareSSLContext="true" />
          </advancedOptions>
        </fileTransfer>
      </webServer>
      <webServer id="ae2a91df-56b2-4d5d-8fba-33e258e79d71" name="prod-userfile">
        <fileTransfer rootFolder="/home/userfile" accessType="SFTP" sshConfigId="65ad65c7-7378-484d-845d-bb0f0b623422" sshConfig="prod-member">
          <advancedOptions>
            <advancedOptions dataProtectionLevel="Private" passiveMode="true" shareSSLContext="true" />
          </advancedOptions>
        </fileTransfer>
      </webServer>
      <webServer id="79fa7258-1c82-4055-ab05-f455c9f969a7" name="prod">
        <fileTransfer accessType="SFTP" host="43.129.17.194" port="22" sshConfigId="e02577dc-b027-4902-98ba-467fa831e123" sshConfig="prod" keyPair="true">
          <advancedOptions>
            <advancedOptions dataProtectionLevel="Private" passiveMode="true" shareSSLContext="true" />
          </advancedOptions>
        </fileTransfer>
      </webServer>
    </option>
  </component>
</application>