<application>
  <component name="Translation.Cache">
    <option name="lastTrimTime" value="1676259326489" />
  </component>
  <component name="Translation.Settings">
    <option name="primaryLanguage" value="CHINESE" />
    <option name="translator" value="MICROSOFT" />
  </component>
  <component name="Translation.States">
    <option name="maxHistorySize" value="100" />
    <histories>
      <item value="user agent" />
      <item value="unupload" />
      <item value="你没有读取权限访问" />
      <item value="REQUEST TIME" />
      <item value="Must grant at least one permission" />
      <item value="名称长度最多 6 个字符" />
      <item value="Read and write access" />
      <item value="Read access" />
      <item value="No access" />
      <item value="Scopes" />
      <item value="input strut data" />
      <item value="strut" />
      <item value="二级域名" />
      <item value="访问令牌错误" />
      <item value="包含任何状态的订单，也包括客户" />
      <item value="2、店匠订单不会重复导入，如果店匠订单有变动，再次导入会更新数据" />
      <item value="1、店匠订单导入后，此商品在Shoppaas无法操作，只能查看" />
      <item value="1、店匠订单导入后，此商品在Shoppaas无法操作，只能查看&lt;br&gt;2、店匠订单不会重复导入，如果店匠订单有变动，再次导入会更新数据" />
      <item value="store is not active" />
      <item value="Unauthorized" />
      <item value="Shopify订单只能获取退款信息，无法获取退款信息" />
      <item value="4、Shopify订单只能获取退款信息，无法获取退货信息" />
      <item value="，如果Shopify订单有变动，再次导入会更新数据" />
      <item value="clipboard Text" />
      <item value="delete it before insert" />
      <item value="delete before insert" />
      <item value="insert before delete" />
      <item value="4 Shopify订单不会重复导入" />
      <item value="商品数量 必须小于等于 可操作数量" />
      <item value="退款金额 必须小于等于 可退款额" />
      <item value="[API] This action requires merchant approval for read_orders scope." />
      <item value="3 Shopify订单导入后，此商品在Shoppaas无法操作，只能查看" />
      <item value="Show orders of any status, not including draft orders" />
      <item value="不包含未支付已归档的订单" />
      <item value="Migration cancel" />
      <item value="迁移完成" />
      <item value="迁移中" />
      <item value="[API] Invalid API key or access token" />
      <item value="Not Found" />
      <item value="自定义页面" />
      <item value="is processing" />
      <item value="is process" />
      <item value="properties" />
      <item value="property" />
      <item value="表单属性" />
      <item value="组件属性" />
      <item value="添加选项" />
      <item value="入口方式" />
      <item value="按钮位置" />
      <item value="选择型组件" />
      <item value="布局型组件" />
      <item value="占位提示" />
      <item value="合并单元格" />
      <item value="单元格属性" />
      <item value="列" />
      <item value="在上方插入" />
    </histories>
    <option name="languageScores">
      <map>
        <entry key="CHINESE" value="45" />
        <entry key="ENGLISH" value="46" />
      </map>
    </option>
  </component>
</application>