<application>
  <component name="dataSourceStorage" format="xml" multifile-model="true">
    <data-source source="LOCAL" name="127" uuid="65598c76-5c85-4d44-b1d2-dcd2c1e5b896">
      <driver-ref>mysql.8</driver-ref>
      <synchronize>true</synchronize>
      <jdbc-driver>com.mysql.cj.jdbc.Driver</jdbc-driver>
      <jdbc-url>jdbc:mysql://localhost:3306/</jdbc-url>
      <driver-properties>
        <property name="autoReconnect" value="true" />
        <property name="zeroDateTimeBehavior" value="convertToNull" />
      </driver-properties>
      <init-script>SET NAMES utf8mb4 COLLATE utf8mb4_unicode_ci</init-script>
    </data-source>
    <data-source source="LOCAL" name="test" uuid="ecfa3de4-1271-4817-870b-fb93b0bdaa12">
      <driver-ref>mysql.8</driver-ref>
      <synchronize>true</synchronize>
      <jdbc-driver>com.mysql.cj.jdbc.Driver</jdbc-driver>
      <jdbc-url>jdbc:mysql://localhost:3306/</jdbc-url>
      <driver-properties>
        <property name="autoReconnect" value="true" />
        <property name="zeroDateTimeBehavior" value="convertToNull" />
      </driver-properties>
      <init-script>SET NAMES utf8mb4 COLLATE utf8mb4_unicode_ci</init-script>
    </data-source>
    <data-source source="LOCAL" name="prod-test" read-only="true" uuid="e7746cd2-f046-4d29-ba71-894c78bd45f8">
      <driver-ref>mysql.8</driver-ref>
      <synchronize>true</synchronize>
      <jdbc-driver>com.mysql.cj.jdbc.Driver</jdbc-driver>
      <jdbc-url>jdbc:mysql://172.19.0.13:3306</jdbc-url>
      <working-dir>$ProjectFileDir$</working-dir>
    </data-source>
    <data-source source="LOCAL" name="prod" read-only="true" uuid="394f4631-6800-4d9a-ad40-5cc56b30e824">
      <driver-ref>mysql.8</driver-ref>
      <synchronize>true</synchronize>
      <jdbc-driver>com.mysql.cj.jdbc.Driver</jdbc-driver>
      <jdbc-url>jdbc:mysql://172.19.0.13:3306</jdbc-url>
      <working-dir>$ProjectFileDir$</working-dir>
    </data-source>
    <data-source source="LOCAL" name="prod-1648460923401-lennon20220413" uuid="62f419bc-2b01-4a57-8c0f-fb63a5c2aa37">
      <driver-ref>mysql.8</driver-ref>
      <synchronize>true</synchronize>
      <jdbc-driver>com.mysql.cj.jdbc.Driver</jdbc-driver>
      <jdbc-url>jdbc:mysql://172.19.0.13:3306</jdbc-url>
      <working-dir>$ProjectFileDir$</working-dir>
    </data-source>
    <data-source source="LOCAL" name="prod-1647186797091-myshop1647311887775" read-only="true" uuid="1aca1d2b-73a6-45c3-89c8-96b7deb6a965">
      <driver-ref>mysql.8</driver-ref>
      <synchronize>true</synchronize>
      <jdbc-driver>com.mysql.cj.jdbc.Driver</jdbc-driver>
      <jdbc-url>jdbc:mysql://172.19.0.13:3306</jdbc-url>
      <working-dir>$ProjectFileDir$</working-dir>
    </data-source>
    <data-source source="LOCAL" name="prod-1647314184755-stepheny" read-only="true" uuid="7815d1e9-0c71-407b-9518-321e15a1322b">
      <driver-ref>mysql.8</driver-ref>
      <synchronize>true</synchronize>
      <jdbc-driver>com.mysql.cj.jdbc.Driver</jdbc-driver>
      <jdbc-url>jdbc:mysql://172.19.0.13:3306</jdbc-url>
      <working-dir>$ProjectFileDir$</working-dir>
    </data-source>
    <data-source source="LOCAL" name="prod-1653378067790-biasrno" read-only="true" uuid="4ba9bc6d-4536-4e34-a050-6ac570ba1a04">
      <driver-ref>mysql.8</driver-ref>
      <synchronize>true</synchronize>
      <jdbc-driver>com.mysql.cj.jdbc.Driver</jdbc-driver>
      <jdbc-url>jdbc:mysql://172.19.0.13:3306</jdbc-url>
      <working-dir>$ProjectFileDir$</working-dir>
    </data-source>
    <data-source source="LOCAL" name="prod-1640834674141-qutaoo" read-only="true" uuid="290c1f20-6d6c-400f-bb7d-2d7031efaf9b">
      <driver-ref>mysql.8</driver-ref>
      <synchronize>true</synchronize>
      <jdbc-driver>com.mysql.cj.jdbc.Driver</jdbc-driver>
      <jdbc-url>jdbc:mysql://172.19.0.13:3306</jdbc-url>
      <working-dir>$ProjectFileDir$</working-dir>
    </data-source>
    <data-source source="LOCAL" name="prod-1652700590170-leroyr" read-only="true" uuid="53019731-1bf2-4209-bed8-a41a29f04cde">
      <driver-ref>mysql.8</driver-ref>
      <synchronize>true</synchronize>
      <jdbc-driver>com.mysql.cj.jdbc.Driver</jdbc-driver>
      <jdbc-url>jdbc:mysql://172.19.0.13:3306</jdbc-url>
      <working-dir>$ProjectFileDir$</working-dir>
    </data-source>
    <data-source source="LOCAL" name="prod-1652926669682-myshop1653370233599" read-only="true" uuid="5fc6aa43-e1bc-4b3f-b23a-d361adb78d11">
      <driver-ref>mysql.8</driver-ref>
      <synchronize>true</synchronize>
      <jdbc-driver>com.mysql.cj.jdbc.Driver</jdbc-driver>
      <jdbc-url>jdbc:mysql://172.19.0.13:3306</jdbc-url>
      <working-dir>$ProjectFileDir$</working-dir>
    </data-source>
    <data-source source="LOCAL" name="prod-1653999251585-yifu" read-only="true" uuid="73e264fa-c029-4fd9-b5de-ee027372d9d5">
      <driver-ref>mysql.8</driver-ref>
      <synchronize>true</synchronize>
      <jdbc-driver>com.mysql.cj.jdbc.Driver</jdbc-driver>
      <jdbc-url>jdbc:mysql://172.19.0.13:3306</jdbc-url>
      <working-dir>$ProjectFileDir$</working-dir>
    </data-source>
    <data-source source="LOCAL" name="preview" read-only="true" uuid="ee60d455-dd39-4c4e-b055-d21d13dd55bf">
      <driver-ref>mysql.8</driver-ref>
      <synchronize>true</synchronize>
      <jdbc-driver>com.mysql.cj.jdbc.Driver</jdbc-driver>
      <jdbc-url>jdbc:mysql://43.155.67.13:23306</jdbc-url>
      <working-dir>$ProjectFileDir$</working-dir>
    </data-source>
    <data-source source="LOCAL" name="prod-1635927369705-xxxx123" read-only="true" uuid="48809d45-5c81-4082-a3c4-2543349ae0b5">
      <driver-ref>mysql.8</driver-ref>
      <synchronize>true</synchronize>
      <jdbc-driver>com.mysql.cj.jdbc.Driver</jdbc-driver>
      <jdbc-url>jdbc:mysql://172.19.0.13:3306</jdbc-url>
      <working-dir>$ProjectFileDir$</working-dir>
    </data-source>
    <data-source source="LOCAL" name="prod-1658130471271-yapavilion" uuid="30d1754f-9a11-4a99-ae4f-1e7e4cfee301">
      <driver-ref>mysql.8</driver-ref>
      <synchronize>true</synchronize>
      <jdbc-driver>com.mysql.cj.jdbc.Driver</jdbc-driver>
      <jdbc-url>jdbc:mysql://172.19.0.13:3306</jdbc-url>
      <working-dir>$ProjectFileDir$</working-dir>
    </data-source>
  </component>
</application>