<keymap version="1" name="Windows copy" parent="$default">
  <action id="ChangesView.ShelveSilently" />
  <action id="ChooseRunConfiguration">
    <keyboard-shortcut first-keystroke="f10" />
  </action>
  <action id="CopyReference" />
  <action id="LocalHistory.ShowHistory">
    <keyboard-shortcut first-keystroke="ctrl h" />
  </action>
  <action id="MethodHierarchy" />
  <action id="MethodHierarchy.BaseOnThisMethod" />
  <action id="PublishGroup.CompareLocalVsRemote">
    <keyboard-shortcut first-keystroke="shift ctrl alt c" />
  </action>
  <action id="PublishGroup.Upload">
    <keyboard-shortcut first-keystroke="shift ctrl alt u" />
  </action>
  <action id="RunDashboard.Run">
    <keyboard-shortcut first-keystroke="shift ctrl f10" />
    <keyboard-shortcut first-keystroke="f10" />
  </action>
  <action id="ShowUmlDiagram" />
  <action id="TypeHierarchy" />
  <action id="TypeHierarchyBase.BaseOnThisType" />
  <action id="Vcs.ShowTabbedFileHistory">
    <keyboard-shortcut first-keystroke="shift ctrl h" />
  </action>
</keymap>