<application>
  <component name="Translation.Cache">
    <option name="lastTrimTime" value="1680147447145" />
  </component>
  <component name="Translation.Settings">
    <option name="primaryLanguage" value="CHINESE" />
    <option name="translator" value="MICROSOFT" />
  </component>
  <component name="Translation.States">
    <histories>
      <item value="Orc Complete" />
      <item value="Orc Undone" />
      <item value="Orc Max Line" />
      <item value="complete" />
      <item value="指数" />
      <item value="比例" />
      <item value="win money" />
      <item value="is bet win" />
      <item value="bet odds" />
      <item value="bet odds type" />
      <item value="bet country type" />
      <item value="bet type" />
      <item value="money before bet" />
      <item value="测试结果概览" />
      <item value="algorithm" />
      <item value="algo" />
      <item value="算法" />
      <item value="change timestamp" />
      <item value="Summary" />
      <item value="drawgame" />
      <item value="is draw game" />
      <item value="is draw win" />
      <item value="未开始" />
      <item value="upstart" />
      <item value="未开场" />
      <item value="breakfast" />
      <item value="asia" />
      <item value="asian" />
      <item value="Asian Odd" />
      <item value="复杂" />
      <item value="预计" />
      <item value="实际" />
      <item value="根据" />
      <item value="数据太少了" />
      <item value="变化时间" />
      <item value="时间" />
      <item value="盘口" />
    </histories>
    <option name="languageScores">
      <map>
        <entry key="CHINESE" value="38" />
        <entry key="ENGLISH" value="39" />
        <entry key="SPANISH" value="1" />
      </map>
    </option>
  </component>
</application>