<application>
  <component name="Translation.Cache">
    <option name="lastTrimTime" value="1679537353834" />
  </component>
  <component name="Translation.Settings">
    <option name="translator" value="MICROSOFT" />
  </component>
  <component name="Translation.States">
    <histories>
      <item value="未开始" />
      <item value="upstart" />
      <item value="未开场" />
      <item value="breakfast" />
      <item value="asia" />
      <item value="asian" />
      <item value="Asian Odd" />
      <item value="复杂" />
      <item value="预计" />
      <item value="实际" />
      <item value="根据" />
      <item value="数据太少了" />
      <item value="变化时间" />
      <item value="时间" />
      <item value="盘口" />
    </histories>
    <option name="languageScores">
      <map>
        <entry key="CHINESE" value="14" />
        <entry key="ENGLISH" value="17" />
      </map>
    </option>
  </component>
</application>