<application>
  <component name="Translation.Cache">
    <option name="lastTrimTime" value="1679024511040" />
  </component>
  <component name="Translation.Settings">
    <option name="translator" value="MICROSOFT" />
  </component>
  <component name="Translation.States">
    <histories>
      <item value="预计" />
      <item value="实际" />
      <item value="根据" />
      <item value="数据太少了" />
      <item value="变化时间" />
      <item value="时间" />
      <item value="盘口" />
    </histories>
    <option name="languageScores">
      <map>
        <entry key="CHINESE" value="8" />
        <entry key="ENGLISH" value="8" />
      </map>
    </option>
  </component>
</application>